{
  "roc_auc": 0.781334415613419,
  "pr_auc": 0.06932158923464558,
  "f1": 0.12962275819418675
}